nose_x,left_eye_x,right_eye_x,left_ear_x,right_ear_x,left_shoulder_x,right_shoulder_x,left_elbow_x,right_elbow_x,left_wrist_x,right_wrist_x,left_hip_x,right_hip_x,left_knee_x,right_knee_x,left_ankle_x,right_ankle_x,nose_y,left_eye_y,right_eye_y,left_ear_y,right_ear_y,left_shoulder_y,right_shoulder_y,left_elbow_y,right_elbow_y,left_wrist_y,right_wrist_y,left_hip_y,right_hip_y,left_knee_y,right_knee_y,left_ankle_y,right_ankle_y
831.2593078613281,832.5223159790039,830.5375823974609,833.4244689941406,828.552848815918,834.1461868286133,826.3876876831055,839.7395248413086,824.402961730957,841.7242584228516,826.5681228637695,830.3571472167969,826.9289779663086,822.23779296875,822.23779296875,816.6444549560547,816.4640274047852,77.62578582763672,76.5381851196289,76.5381851196289,77.26324844360352,76.90071868896484,81.79490280151367,81.43236923217773,86.68907928466797,86.5078125,87.23287963867188,89.5893325805664,92.48958587646484,92.3083267211914,100.46528625488281,100.64655303955078,113.33515930175781,114.42276763916016
832.0741882324219,832.796745300293,830.990348815918,833.699951171875,829.5452270507812,834.0612258911133,826.4743499755859,839.2997894287109,825.0292282104492,842.009391784668,835.1450653076172,830.0871429443359,827.5581817626953,821.9583396911621,821.9583396911621,817.0810623168945,,78.67106628417969,77.40494155883789,77.58581161499023,78.1284408569336,77.94756317138672,82.10769653320312,82.10769653320312,85.90608215332031,86.99132537841797,87.71482849121094,82.10769653320312,93.14108276367188,92.77933502197266,101.09960174560547,101.28047180175781,113.03736114501953,
832.5879211425781,833.3178329467773,831.6755218505859,834.4127197265625,829.4857635498047,835.87255859375,826.5660934448242,841.7119064331055,826.5660934448242,834.9601593017578,829.6682510375977,838.4272689819336,827.8434448242188,834.7776794433594,822.0041007995605,835.1426391601562,816.7121849060059,79.42113876342773,78.32700729370117,78.50935745239258,78.50935745239258,78.87407302856445,82.33882904052734,81.97411727905273,87.2624282836914,86.53300476074219,88.90362548828125,89.633056640625,93.6448745727539,92.91545867919922,105.86270141601562,101.30381774902344,116.98639678955078,113.8863525390625
833.125358581543,833.3085632324219,832.3925170898438,834.0414123535156,829.4611511230469,834.7742538452148,826.5297775268555,841.5530471801758,825.9801483154297,844.3012008666992,830.0107803344727,831.2932510375977,827.4458312988281,846.4997253417969,822.3159408569336,817.0028343200684,817.0028343200684,79.93452835083008,78.65253448486328,78.8356819152832,78.8356819152832,78.65253448486328,82.4985122680664,81.94908905029297,87.26020812988281,86.71077728271484,92.57131958007812,90.00733184814453,92.93760681152344,92.93760681152344,99.71385192871094,101.17898559570312,113.99891662597656,114.18206024169922
833.3506698608398,832.6162719726562,832.6162719726562,832.0654754638672,830.9638671875,832.4326705932617,826.7410736083984,833.9014663696289,829.8622741699219,840.5110778808594,828.3934707641602,830.5966720581055,827.108268737793,833.1670684814453,822.3346710205078,817.1938667297363,817.1938667297363,79.98027420043945,78.14831924438477,79.06429672241211,79.79708099365234,79.43069076538086,83.09459686279297,81.62903594970703,88.40727996826172,84.56016540527344,86.5753173828125,89.87284088134766,93.17036437988281,93.17036437988281,99.7654037475586,100.86457824707031,113.87146759033203,114.42106628417969
831.9790573120117,833.0776290893555,831.7959671020508,833.6269073486328,829.9650192260742,832.7114410400391,827.4016952514648,833.2607192993164,825.3876495361328,841.3168869018555,828.5002593994141,830.697395324707,827.2185974121094,834.7254791259766,822.2750396728516,816.9652900695801,816.9652900695801,78.46195220947266,77.72886657714844,77.91213989257812,78.09540939331055,78.27867889404297,82.67717742919922,81.39427947998047,87.80876159667969,85.79277801513672,87.07567596435547,89.82474517822266,92.94034576416016,92.75707244873047,104.30313110351562,101.00426483154297,114.01648712158203,114.01648712158203
834.0996780395508,833.3669509887695,833.9164962768555,834.0996780395508,830.985595703125,833.1837768554688,827.3219680786133,834.2828674316406,826.0396957397461,841.7933044433594,828.4210586547852,830.985595703125,827.3219680786133,835.0155868530273,822.3760681152344,817.0638046264648,817.0638046264648,81.20053100585938,76.98366928100586,79.36711120605469,77.53369140625,78.26706314086914,82.30058288574219,81.56721496582031,87.80083465576172,86.51744079589844,87.25080108642578,89.63424682617188,93.30108642578125,92.75106048583984,104.66826629638672,101.18477630615234,114.20204162597656,114.38538360595703
834.0676879882812,832.7875671386719,833.5190658569336,833.5190658569336,830.5930709838867,832.7875671386719,827.3013305664062,833.5190658569336,825.8383255004883,841.7484283447266,828.9472045898438,830.7759475708008,827.1184539794922,834.982063293457,822.5465850830078,817.243221282959,817.0603446960449,81.45924758911133,77.056884765625,79.99179458618164,77.607177734375,77.607177734375,82.37641143798828,81.45924758911133,87.69593048095703,86.77877807617188,86.96220397949219,90.08055114746094,93.01545715332031,93.01545715332031,104.75509643554688,100.71959686279297,114.11012268066406,114.11012268066406
833.6624755859375,832.7487030029297,833.1142120361328,833.2969665527344,830.5556488037109,833.2969665527344,827.2660675048828,833.8452301025391,825.9867858886719,841.8864364624023,829.0936126708984,831.1039123535156,827.2660675048828,834.9417572021484,822.5144500732422,835.4900283813477,817.2145652770996,81.0037612915039,76.96369552612305,79.71828079223633,78.06553268432617,78.06553268432617,81.92195892333984,81.37103652954102,87.6147689819336,86.69657897949219,87.79840850830078,89.63480377197266,93.12394714355469,92.9403076171875,104.87686157226562,101.02043914794922,116.26249694824219,114.05882263183594
831.727897644043,832.8299255371094,830.9932174682617,833.0135955810547,829.8911972045898,833.0135955810547,827.1361389160156,833.3809356689453,826.2177810668945,841.2787704467773,829.5238571166992,830.6258773803711,827.1361389160156,833.0135955810547,822.5443725585938,817.0342597961426,817.2179298400879,77.07930374145508,76.5292854309082,76.7126235961914,77.81266403198242,77.07930374145508,81.84613037109375,81.47944641113281,87.3463134765625,87.16297149658203,87.3463134765625,90.46308135986328,92.47981262207031,92.84648895263672,98.53001403808594,100.91342163085938,114.48054504394531,114.29721069335938
831.5341796875,831.7170639038086,831.1684112548828,832.0828247070312,830.0711135864258,832.2657165527344,826.9620895385742,832.2657165527344,826.0476760864258,835.7404937744141,828.9738082885742,830.8026428222656,827.1449813842773,833.5458984375,822.7557754516602,817.4521598815918,817.2692794799805,81.77381134033203,81.22417449951172,80.4913330078125,78.84244155883789,78.1096076965332,81.95701599121094,81.04096984863281,87.08689880371094,87.08689880371094,88.0029525756836,89.65184783935547,92.76641845703125,92.76641845703125,99.5451889038086,100.8276596069336,113.28595733642578,114.018798828125
831.6872482299805,831.8701782226562,831.3213806152344,832.0531158447266,830.2237777709961,832.0531158447266,826.9309616088867,832.4189834594727,825.6504211425781,834.7971267700195,828.5773696899414,830.7725830078125,827.2968292236328,833.6995315551758,822.9064102172852,817.418384552002,817.418384552002,81.79904174804688,81.24922943115234,81.06595611572266,78.68342590332031,77.76707077026367,81.79904174804688,81.06595611572266,87.11392211914062,86.38082885742188,89.1299057006836,89.49644470214844,92.612060546875,92.612060546875,100.1261978149414,100.8592758178711,113.50501251220703,114.05482482910156
832.3707427978516,832.0010299682617,831.4464492797852,831.4464492797852,829.9675827026367,831.4464492797852,827.194694519043,833.1101760864258,831.0767288208008,841.2439727783203,834.9587707519531,830.7070159912109,827.5644149780273,822.5732269287109,822.5732269287109,817.3971786499023,817.2123184204102,81.71481323242188,80.24016189575195,80.24016189575195,79.68716812133789,78.9498405456543,82.636474609375,81.16181945800781,87.61343383789062,84.29545593261719,87.2447738647461,83.18946838378906,92.77472686767578,92.77472686767578,101.06965637207031,101.25399017333984,113.78854370117188,114.52587127685547
831.3810577392578,831.5652389526367,830.8285293579102,831.3810577392578,829.7234649658203,831.0127029418945,826.960807800293,,830.4601745605469,840.9582748413086,834.3278884887695,826.7766342163086,827.3291702270508,822.3563842773438,822.7247314453125,817.1994247436523,817.1994247436523,80.82853317260742,79.9054183959961,79.9054183959961,79.72079467773438,79.16692352294922,82.85939025878906,81.38240814208984,,83.96712493896484,86.92109680175781,82.85939025878906,93.01366424560547,93.01366424560547,101.13707733154297,101.13707733154297,113.87608337402344,114.61457061767578
831.42822265625,831.42822265625,830.8746643066406,831.2437057495117,829.7675399780273,831.0591888427734,826.9997329711914,,830.3210983276367,840.8387756347656,834.1960372924805,826.8152084350586,827.3687744140625,822.38671875,822.5712356567383,817.2201385498047,817.2201385498047,80.83756256103516,79.72909545898438,79.9138412475586,79.54435348510742,79.17486190795898,82.68500518798828,81.39179992675781,,83.97821807861328,86.93413543701172,82.8697509765625,93.03070831298828,93.03070831298828,101.15947723388672,101.15947723388672,113.90684509277344,114.64582824707031
831.4585723876953,831.8249359130859,831.4585723876953,831.8249359130859,830.3594970703125,832.0081100463867,826.8790969848633,833.4735488891602,825.7800216674805,835.488525390625,827.4286346435547,830.9090347290039,827.6118087768555,832.9240112304688,822.6659698486328,817.3537673950195,817.1705894470215,81.13338470458984,80.39873886108398,79.84775161743164,79.48043441772461,79.29676818847656,82.60266876220703,81.3170394897461,87.92884826660156,86.2759017944336,85.1739273071289,89.58180236816406,92.5203857421875,92.33671569824219,97.8465576171875,100.96879577636719,113.64142608642578,114.19241333007812
831.4089584350586,831.7748107910156,830.8601837158203,831.4089584350586,830.4943389892578,831.7748107910156,827.018798828125,833.6040344238281,825.921257019043,835.2503433227539,827.2017211914062,830.8601837158203,827.9334106445312,833.0552673339844,822.6286392211914,817.3238563537598,817.3238563537598,80.968017578125,80.2342529296875,80.2342529296875,80.05081176757812,79.50048828125,82.435546875,81.33489990234375,87.7553482055664,86.83814239501953,84.82028198242188,89.77320861816406,92.70826721191406,92.34138488769531,98.02806091308594,100.96312713623047,114.53778076171875,113.98745727539062
831.2113494873047,831.578125,830.8445663452148,831.578125,829.927619934082,831.578125,826.9933853149414,833.7788009643555,825.8930511474609,834.8791351318359,827.9103393554688,830.8445663452148,827.7269439697266,833.2286376953125,822.9588241577148,817.4571342468262,817.4571342468262,81.14631652832031,80.0465087890625,80.0465087890625,79.86320877075195,78.94669723510742,82.42942810058594,81.14631652832031,87.56187438964844,86.6453628540039,84.26244354248047,89.39488220214844,92.5110092163086,92.5110092163086,98.7432632446289,100.75957489013672,113.957275390625,113.957275390625
831.247673034668,831.798225402832,830.6971206665039,831.798225402832,829.2289810180664,831.798225402832,827.0267639160156,833.4498901367188,825.7421417236328,835.1015396118164,828.4949111938477,830.8806381225586,827.7608413696289,832.8993377685547,822.6223373413086,817.3003234863281,817.3003234863281,80.57333374023438,79.28826522827148,79.83900833129883,79.10468673706055,78.92110061645508,82.22555541992188,81.30764770507812,87.54939270019531,86.6314926147461,84.42852020263672,89.56878662109375,92.5060806274414,92.68965911865234,97.82992553710938,100.7672119140625,114.1686019897461,114.1686019897461
831.5040740966797,832.0531997680664,830.5888671875,832.4192810058594,829.1245346069336,832.2362442016602,826.9280395507812,833.5175247192383,825.6467514038086,841.5713577270508,826.5619583129883,830.7719116210938,827.6602020263672,834.6157760620117,822.7180862426758,817.4098777770996,817.4098777770996,79.97284698486328,78.86996841430664,79.605224609375,78.31852340698242,78.31852340698242,81.81098937988281,81.07572937011719,87.32540130615234,86.59014129638672,87.14158630371094,90.08261108398438,92.4721908569336,92.65599822998047,103.86864471435547,100.74381256103516,113.97840118408203,113.97840118408203
831.5703277587891,832.1203079223633,830.653694152832,832.6702880859375,829.1870727539062,832.1203079223633,827.1704711914062,833.7702560424805,825.7038497924805,841.6533355712891,826.8038101196289,831.0203399658203,827.7204513549805,834.5035705566406,822.587287902832,817.4541168212891,817.4541168212891,79.98259735107422,78.8805046081543,79.06418991088867,78.14577865600586,78.14577865600586,81.81941986083984,81.0846939086914,87.32988739013672,86.4114761352539,87.14620208740234,89.90143585205078,92.47299194335938,92.47299194335938,103.12655639648438,100.73868560791016,114.33116149902344,114.14747619628906
831.2784881591797,831.8291854858398,830.7277908325195,832.3798828125,829.0756912231445,832.0127487182617,827.0564651489258,833.2977142333984,825.7714996337891,834.9498138427734,828.5249938964844,830.9113540649414,827.7907257080078,834.3991088867188,822.6508712768555,817.3274459838867,817.3274459838867,80.11714935302734,79.0152473449707,79.19889831542969,78.28064346313477,78.28064346313477,81.95365905761719,81.21905517578125,87.46318817138672,86.54492950439453,83.60651397705078,89.48334503173828,92.60540771484375,92.60540771484375,103.0735092163086,100.68605041503906,114.27621459960938,114.09255981445312
831.1693801879883,831.7199554443359,830.6187973022461,832.2705307006836,829.1505889892578,832.0870056152344,826.9482727050781,833.1881561279297,825.6635971069336,835.0234146118164,826.7647476196289,830.9858551025391,827.6823806762695,834.656364440918,822.5436553955078,817.2214012145996,817.4049263000488,80.3623046875,79.44713973999023,79.63017654418945,78.34893798828125,78.16590881347656,81.82656860351562,81.09443664550781,87.31756591796875,86.5854263305664,84.20599365234375,89.88002014160156,92.4424819946289,92.80854797363281,103.42446899414062,100.67897033691406,114.0403823852539,113.49127960205078
831.2140960693359,831.7633361816406,830.6648635864258,832.3125686645508,829.3833084106445,832.1294937133789,827.0032806396484,832.8618087768555,825.3555679321289,834.8756790161133,828.2848281860352,830.8479385375977,827.5525131225586,834.509521484375,822.6093826293945,817.4831657409668,817.4831657409668,80.91175842285156,79.6298599243164,79.6298599243164,78.89734268188477,77.9817008972168,81.82740020751953,81.27801513671875,86.7718734741211,86.40560913085938,81.82740020751953,88.96941375732422,92.6319808959961,92.81510925292969,103.43656158447266,101.05589294433594,113.50863647460938,113.50863647460938
830.8804550170898,831.4307479858398,830.3301620483398,831.9810409545898,829.2295837402344,832.3479080200195,827.0284118652344,833.0816268920898,825.7443923950195,834.3656463623047,828.1289978027344,831.0638885498047,827.3952713012695,834.7325057983398,822.4426422119141,817.4900131225586,817.4900131225586,80.5258560180664,79.60884857177734,79.60884857177734,79.05864334106445,77.95823287963867,81.8096694946289,81.25946044921875,86.94493103027344,86.578125,89.51255798339844,88.96234893798828,92.63038635253906,92.81379699707031,103.63450622558594,101.25028228759766,113.53822326660156,113.53822326660156
831.0858535766602,831.8190460205078,830.3526611328125,832.5522384643555,829.0695724487305,832.1856384277344,826.870002746582,833.4687271118164,825.7702178955078,835.3016967773438,828.7029876708984,831.0858535766602,827.6031951904297,834.3852157592773,822.6541595458984,817.3385162353516,817.5218162536621,79.85468292236328,78.75230407714844,78.93603515625,78.01737976074219,77.64991760253906,81.87571716308594,81.14080047607422,87.57136535644531,86.46897888183594,84.26421356201172,89.4086685180664,92.5320816040039,92.5320816040039,103.00471496582031,100.61621856689453,114.0285415649414,113.29361724853516
831.1288528442383,831.6785736083984,830.5791320800781,832.4115295410156,829.2964477539062,832.4115295410156,827.0975723266602,833.3277282714844,825.4484176635742,833.8774490356445,828.1970062255859,830.9456100463867,827.4640502929688,834.6104049682617,822.5165710449219,817.3858604431152,817.3858604431152,79.84909057617188,79.11434555053711,79.29803085327148,78.1959114074707,78.1959114074707,81.86964416503906,81.3185806274414,87.1965560913086,86.46179962158203,89.58447265625,89.03340911865234,92.89083099365234,92.89083099365234,103.54464721679688,101.15672302246094,113.64740753173828,113.64740753173828
831.4117889404297,831.5939254760742,830.683219909668,832.6867904663086,829.0439300537109,833.0510787963867,826.6760711669922,833.2332229614258,825.9475021362305,833.2332229614258,829.7724990844727,831.0475006103516,827.4046401977539,833.2332229614258,822.6689224243164,,817.2046318054199,80.71764373779297,79.44074249267578,79.44074249267578,77.79901504516602,77.79901504516602,81.62970733642578,81.08246612548828,87.2845458984375,87.2845458984375,89.65592956542969,91.11524200439453,92.20972442626953,92.75696563720703,98.5942153930664,100.7831802368164,,113.73457336425781
830.9084548950195,831.453857421875,830.1812591552734,832.1810607910156,828.9086532592773,832.5446548461914,826.9088516235352,833.271858215332,825.9998474121094,833.8172607421875,828.9086532592773,831.0902633666992,827.4542541503906,833.271858215332,822.7274398803711,,817.0916328430176,79.60896682739258,79.06358337402344,78.69999313354492,78.33641052246094,77.60923767089844,81.60868835449219,80.88152313232422,87.0625,87.0625,89.78939819335938,90.15298461914062,92.33451080322266,92.33451080322266,99.06086730957031,100.69701385498047,,113.78614044189453
830.8941192626953,831.4386672973633,830.1680679321289,832.3462295532227,828.8974685668945,832.5277481079102,826.7193069458008,833.0722885131836,825.9932479858398,832.7092590332031,828.8974685668945,831.0756378173828,827.2638473510742,833.4353179931641,822.7260055541992,,817.0990791320801,79.61386489868164,79.06828308105469,78.70456314086914,78.15898132324219,77.6134033203125,81.61432647705078,80.88688659667969,87.07012939453125,87.07012939453125,89.61617279052734,90.16175842285156,92.34407806396484,92.34407806396484,99.2547607421875,100.70964813232422,,113.62171936035156
830.9715118408203,831.5182647705078,830.0602722167969,832.2472534179688,828.9667816162109,832.6117553710938,826.7798004150391,833.1584930419922,826.0508041381836,833.8874893188477,828.9667816162109,831.1537628173828,827.326545715332,833.3407440185547,822.7703247070312,,817.1206207275391,79.5972671508789,79.05150985717773,78.68767166137695,78.32383346557617,77.59614944458008,81.598388671875,80.8707046508789,87.05597686767578,87.23790740966797,89.78478240966797,90.33053588867188,92.33165740966797,92.33165740966797,99.06269073486328,100.6999740600586,,113.61628723144531
831.4272155761719,831.6093368530273,830.6987075805664,832.7021026611328,829.4238128662109,833.2484817504883,826.6919097900391,833.2484817504883,825.9634017944336,833.2484817504883,829.6059417724609,831.2450866699219,827.4204177856445,833.2484817504883,822.5029830932617,,816.8570518493652,80.55497741699219,79.82609939575195,79.82609939575195,78.00391006469727,78.18613052368164,81.46607208251953,81.28385925292969,86.93264770507812,87.11487579345703,89.48371887207031,90.94147491455078,92.39923095703125,92.58145141601562,98.59468841552734,101.14575958251953,,113.9011001586914
831.1911697387695,831.7373199462891,830.64501953125,832.8296203613281,829.0065612792969,832.8296203613281,826.8219528198242,833.1937255859375,826.0937576293945,833.0116653442383,829.5527114868164,831.1911697387695,827.3681106567383,834.4680709838867,822.6347961425781,,816.9912376403809,80.59309387207031,79.320068359375,79.50192642211914,77.31958770751953,77.50144958496094,81.68426513671875,81.13867950439453,87.14012145996094,87.32197570800781,89.50431823730469,91.32293701171875,92.59596252441406,92.77782440185547,103.68952178955078,101.14346313476562,,113.6919174194336
831.764892578125,832.1287994384766,830.6731719970703,833.2205200195312,829.3994979858398,833.9483413696289,826.6701965332031,,826.1243286132812,842.1362533569336,829.7634048461914,830.6731719970703,827.2160568237305,822.6672134399414,822.6672134399414,817.208610534668,,79.86016082763672,78.40303421020508,78.58517837524414,77.3101921081543,77.49233627319336,81.3172836303711,81.3172836303711,,87.1457748413086,88.78504943847656,91.15287017822266,93.33855438232422,93.33855438232422,101.89915466308594,101.89915466308594,113.19186401367188,
831.5124435424805,831.8763885498047,830.784538269043,832.9682464599609,829.1467514038086,833.3321990966797,826.7810668945312,833.1502227783203,825.6892166137695,833.3321990966797,829.6926803588867,831.1484909057617,827.5089797973633,834.6060256958008,822.7776031494141,816.9543800354004,816.9543800354004,80.78618621826172,79.51290893554688,79.51290893554688,77.69393157958984,77.51203536987305,81.69567108154297,81.33187866210938,86.97069549560547,87.15259552001953,89.33535766601562,90.9724349975586,92.60950469970703,92.7914047241211,103.88713836669922,101.15867614746094,113.89148712158203,113.70958709716797
831.1023788452148,832.010498046875,830.3758850097656,833.2818603515625,828.9229049682617,834.3716049194336,826.5617980957031,,826.0169296264648,842.1814041137695,829.2861480712891,831.4656295776367,827.4699172973633,834.7348480224609,822.3844680786133,816.7541465759277,817.2990188598633,80.48779296875,79.21175765991211,79.21175765991211,77.57114791870117,77.38886260986328,81.39923858642578,81.39923858642578,,87.05023956298828,87.7793960571289,90.33145904541016,92.70123291015625,92.70123291015625,104.00321197509766,101.4511489868164,114.21146392822266,113.4822998046875
831.7438812255859,832.2888488769531,830.8355865478516,833.197151184082,829.3823165893555,834.6504135131836,826.8390960693359,,826.1124649047852,841.9167633056641,829.7456359863281,830.8355865478516,827.3840789794922,822.6609497070312,822.6609497070312,817.3928527832031,,79.82485961914062,78.18756866455078,78.55140686035156,77.45988464355469,77.45988464355469,81.09829711914062,81.28022003173828,,87.10169219970703,88.55706024169922,90.92202758789062,93.28700256347656,93.28700256347656,101.65535736083984,101.65535736083984,113.11637878417969,
831.4765625,831.8400650024414,830.5678176879883,833.294059753418,829.2955780029297,834.5663070678711,826.9328308105469,,825.6605834960938,833.294059753418,829.4773254394531,831.2948150634766,827.4780807495117,832.9305572509766,822.7526016235352,,817.300121307373,80.07839965820312,79.34947967529297,79.34947967529297,76.79825592041016,77.34494400024414,81.35401153564453,81.35401153564453,,86.8209228515625,89.55437469482422,91.01222229003906,92.65229034423828,92.83452606201172,98.30142974853516,101.03488159179688,,113.24430847167969
831.399658203125,831.7634963989258,830.6719665527344,833.2188720703125,829.2165832519531,833.7646484375,827.0335159301758,,826.669677734375,833.2188720703125,829.7623596191406,831.399658203125,827.3973617553711,834.8561782836914,822.6673889160156,,817.2097129821777,80.58070373535156,79.85051727294922,79.30287551879883,76.74722671508789,76.56467819213867,81.4934310913086,81.31088256835938,,87.70001220703125,89.34293365478516,91.35094451904297,92.62876892089844,92.99386596679688,104.12919616699219,101.02590942382812,,113.62162017822266
831.4269485473633,831.6091003417969,830.5161437988281,833.4307022094727,829.2410202026367,833.977180480957,827.0551071166992,839.8062973022461,826.690788269043,833.0663833618164,829.7875061035156,831.4269485473633,827.4194259643555,834.3414993286133,822.6832656860352,,817.0363121032715,80.50358581542969,79.77527236938477,79.59318923950195,76.67992401123047,77.40824127197266,81.41397857666016,81.23190307617188,85.41972351074219,87.78675842285156,89.42546844482422,91.24625396728516,92.52081298828125,92.88497161865234,103.62763977050781,101.07853698730469,,113.64199829101562
831.2353591918945,831.782096862793,830.5063705444336,833.0578308105469,829.2306442260742,833.9690551757812,827.0436782836914,839.8009567260742,826.3146896362305,833.0578308105469,829.7773818969727,831.2353591918945,827.4081726074219,834.1513061523438,822.6697540283203,,817.020092010498,80.51298522949219,79.7843132019043,79.60214233398438,77.4161262512207,77.4161262512207,81.423828125,81.24165344238281,85.43152618408203,87.79972076416016,89.4392318725586,91.26091766357422,92.53609466552734,92.90042877197266,103.46619415283203,101.09800720214844,,113.66761779785156
831.3482208251953,831.7117156982422,830.621223449707,832.9839630126953,829.3489837646484,834.0744552612305,826.9862518310547,839.7086639404297,826.4410018920898,833.1657104492188,829.8942337036133,831.3482208251953,827.3497467041016,834.0744552612305,822.806022644043,,816.990062713623,80.54056549072266,79.81250762939453,79.6304931640625,77.44630813598633,77.44630813598633,81.45064544677734,81.26863098144531,85.4549789428711,87.82117462158203,89.45931243896484,91.27946472167969,92.73558807373047,92.9176025390625,103.4744873046875,101.10829162597656,,113.66734313964844
831.3893814086914,831.7537078857422,830.4785690307617,833.2110061645508,829.2034301757812,833.5753326416016,827.0174789428711,833.3931732177734,826.835319519043,833.2110061645508,829.7499237060547,831.2072219848633,827.3818054199219,833.3931732177734,822.6455764770508,,817.1806945800781,80.59234619140625,79.86222839355469,79.31463623046875,76.75921630859375,76.75921630859375,81.32246398925781,81.32246398925781,86.98088836669922,87.71100616455078,89.35377502441406,91.36160278320312,92.63931274414062,93.0043716430664,99.57544708251953,101.03568267822266,,113.63024139404297
831.3176574707031,831.6815414428711,830.5898895263672,833.3190231323242,829.1343536376953,833.8648452758789,827.1329879760742,839.5050582885742,826.951042175293,833.6829071044922,830.2260055541992,831.4995956420898,827.3149337768555,833.6829071044922,822.5844345092773,,817.1261711120605,80.64363098144531,79.91397476196289,79.36674118041992,76.63055038452148,76.63055038452148,81.55569458007812,81.37328338623047,85.38636016845703,87.94013977050781,89.9466781616211,91.58839416503906,93.04769897460938,92.86528015136719,100.16178894042969,101.25627136230469,,113.66032409667969
831.20947265625,831.7567901611328,830.6621551513672,833.0338821411133,829.3850708007812,834.1285247802734,827.0133438110352,839.6017303466797,827.1957855224609,841.6085739135742,830.1148300170898,831.3919143676758,827.3782272338867,834.3109588623047,822.8172149658203,835.2231597900391,816.9791259765625,80.58436584472656,79.85432815551758,79.85432815551758,78.39425659179688,78.57676696777344,81.49691009521484,81.31439971923828,85.32960510253906,88.43225860595703,87.70222473144531,91.534912109375,92.8124771118164,92.99498748779297,103.76303100585938,101.02538299560547,115.2611083984375,113.61852264404297
831.1362075805664,831.6835021972656,830.4064788818359,833.142951965332,829.1294631958008,835.1496963500977,826.9402770996094,839.5280532836914,826.7578506469727,842.0820999145508,830.4064788818359,831.8659286499023,827.6700057983398,834.2375411987305,822.5619277954102,835.1496963500977,816.9065475463867,80.37569427490234,79.64726638793945,79.64726638793945,78.0083122253418,78.1904182434082,81.65043640136719,81.28622436523438,85.29256439208984,88.20626068115234,87.84204864501953,91.6662826538086,92.94103240966797,92.75892639160156,103.32109832763672,101.50003051757812,115.522216796875,114.06536865234375
831.2096786499023,832.1213607788086,830.4803314208984,833.3977203369141,828.8392944335938,834.8564147949219,826.8335876464844,840.1441802978516,826.104248046875,842.6968994140625,829.5686492919922,831.5743560791016,827.3805999755859,822.8221817016602,822.8221817016602,817.3520736694336,816.805061340332,79.7286376953125,78.45463180541992,78.63663482666016,77.72663497924805,77.72663497924805,81.54864501953125,81.73064422607422,86.09866333007812,87.91867065429688,89.55667877197266,91.1946792602539,93.19669342041016,93.19669342041016,101.56871795654297,101.56871795654297,113.0347671508789,113.94477081298828
831.2490463256836,833.0818786621094,831.0657730102539,833.4484405517578,829.2329406738281,834.5481414794922,826.8502731323242,834.3648529052734,826.1171417236328,841.696159362793,829.4162292480469,831.7988967895508,827.5833969116211,834.3648529052734,822.4514846801758,835.0979843139648,817.1362953186035,80.0674057006836,75.66715621948242,75.66715621948242,76.95056533813477,76.58387756347656,81.1674575805664,81.1674575805664,87.40113830566406,86.66776275634766,87.40113830566406,90.8846664428711,93.08478546142578,93.08478546142578,103.90205383300781,101.33524322509766,115.45268249511719,113.80259704589844
831.3207397460938,832.7899551391602,830.769775390625,833.5245590209961,829.1169128417969,834.8101272583008,826.9130859375,834.6264724731445,826.3621368408203,841.9725494384766,829.1169128417969,831.6880416870117,827.6476974487305,834.2591705322266,822.5054397583008,835.3610763549805,817.1795310974121,79.82039642333984,75.60234451293945,75.60234451293945,76.8860969543457,76.70270538330078,81.47093963623047,81.28754425048828,87.7063217163086,87.5229263305664,88.25650787353516,90.82401275634766,93.20813751220703,93.02474212646484,103.844970703125,101.46085357666016,115.58216094970703,113.74822235107422
831.180046081543,832.6458969116211,830.6303482055664,833.5620651245117,829.1644821166992,834.4782257080078,826.7824630737305,834.4782257080078,826.2327651977539,841.6242828369141,829.5309448242188,831.5465087890625,827.5153961181641,833.9285278320312,822.3848876953125,835.2111511230469,817.2543869018555,79.80657958984375,75.21534729003906,75.21534729003906,76.68454360961914,76.50089263916016,81.45941925048828,81.45941925048828,87.51984405517578,87.15254974365234,87.51984405517578,91.37648010253906,93.21297454833984,93.02932739257812,103.68099212646484,101.47718811035156,115.43453979492188,113.78170013427734
830.4959487915039,831.4193267822266,829.9419250488281,832.8967361450195,828.833869934082,833.6354370117188,826.9871139526367,833.8201141357422,825.6943817138672,833.2660903930664,828.833869934082,831.4193267822266,827.3564605712891,834.1894683837891,822.5548934936523,834.9281692504883,817.1992988586426,80.4363784790039,79.32767868041992,79.32767868041992,77.11027526855469,77.11027526855469,81.72986602783203,81.1755142211914,87.45816040039062,86.34944915771484,89.86034393310547,91.52339935302734,93.18644714355469,92.81687927246094,104.27346801757812,101.68649291992188,115.17569732666016,113.51264190673828
831.0830535888672,831.6379776000977,830.3431396484375,832.9328079223633,829.0483093261719,834.9675445556641,827.0135726928711,,826.4586410522461,841.6266860961914,829.788215637207,831.6379776000977,827.7534790039062,834.2276458740234,822.3891677856445,834.9675445556641,816.8398857116699,80.47589874267578,79.55342102050781,79.55342102050781,78.07746505737305,78.44645690917969,81.21388244628906,81.21388244628906,,86.74872589111328,87.67120361328125,91.17660522460938,93.39054870605469,92.8370590209961,104.27574920654297,101.69281768798828,115.71442413330078,114.0539779663086
831.0521240234375,831.6065826416016,830.3128433227539,832.7155075073242,829.0190963745117,834.74853515625,826.9860610961914,,826.4316024780273,841.771728515625,829.7583770751953,831.6065826416016,827.7253494262695,834.1940765380859,822.3655471801758,834.74853515625,816.8209190368652,80.42113494873047,79.68081665039062,79.68081665039062,78.75542449951172,78.75542449951172,81.34652709960938,81.16145324707031,,85.9735107421875,87.82429504394531,91.34080505371094,93.37667083740234,92.8214340209961,104.29633331298828,101.70523071289062,115.77123260498047,114.29061126708984
830.6479949951172,831.3796691894531,829.7334060668945,832.8430099487305,828.8188171386719,833.5746841430664,827.1725616455078,833.5746841430664,825.8921356201172,833.5746841430664,826.4408874511719,831.3796691894531,827.3554763793945,834.1234359741211,822.0508651733398,817.1120872497559,817.1120872497559,80.27242279052734,79.53915023803711,79.53915023803711,76.97271347045898,76.23944091796875,81.00569152832031,81.00569152832031,87.23847961425781,85.77194213867188,89.80492401123047,91.2714614868164,93.10462951660156,93.10462951660156,104.2869873046875,101.72054290771484,114.73606872558594,114.18611907958984
830.4416275024414,831.5196304321289,829.3636245727539,833.8553085327148,827.9262924194336,835.651985168457,827.2076187133789,840.6826629638672,826.1296157836914,841.9403228759766,830.0822982788086,831.8789672851562,827.7466201782227,834.573974609375,821.8176078796387,816.6072578430176,816.6072578430176,79.30767059326172,78.40804672241211,78.40804672241211,77.68835067749023,78.40804672241211,80.92698669433594,81.82660675048828,86.14479064941406,87.94402313232422,88.30387878417969,91.54251098632812,93.16182708740234,92.8019790649414,104.85690307617188,102.15803527832031,113.67317962646484,113.67317962646484
830.3899917602539,831.3255767822266,829.8286437988281,832.4482879638672,828.7059326171875,833.9452209472656,826.8347625732422,833.009635925293,825.5249404907227,833.3838653564453,828.3317031860352,831.3255767822266,827.3961181640625,834.1323394775391,822.1568298339844,834.5065765380859,816.9175491333008,78.38101577758789,77.06999206542969,77.06999206542969,76.69541549682617,76.133544921875,79.69204711914062,79.31746673583984,86.80904388427734,85.31072235107422,89.43109130859375,91.49127197265625,92.98959350585938,92.6150131225586,104.41423797607422,101.60490417480469,115.83889770507812,113.59142303466797
833.9224548339844,833.9224548339844,832.6385803222656,834.1058578491211,830.2542572021484,835.2063140869141,827.8699340820312,840.708610534668,826.0358352661133,841.2588348388672,828.0533447265625,831.7215347290039,828.4201583862305,822.0008239746094,821.8174171447754,816.8653564453125,816.8653564453125,74.24166488647461,73.50784301757812,73.32438659667969,74.05820846557617,73.69129943847656,78.82804870605469,78.09422302246094,82.3136978149414,83.5978775024414,87.08352661132812,90.56917572021484,92.77064514160156,92.40373229980469,102.6772232055664,103.04413604736328,114.05144500732422,114.05144500732422
832.1231231689453,832.8610229492188,830.6473236083984,833.9678726196289,828.8025817871094,835.2592010498047,827.1423034667969,840.6089706420898,825.4820327758789,837.8418502807617,827.8802032470703,831.7541732788086,827.6957321166992,821.423583984375,821.2391090393066,816.6272354125977,816.9961853027344,73.0826530456543,71.97258377075195,72.1575927734375,71.97258377075195,71.97258377075195,77.52293395996094,77.33791732788086,82.33323669433594,84.5533676147461,90.28872680664062,90.28872680664062,92.3238525390625,92.13884735107422,102.49949645996094,102.49949645996094,113.97020721435547,113.23016357421875
834.1071624755859,833.2041244506836,832.8429107666016,833.0235137939453,832.3010940551758,835.5520172119141,827.0634841918945,840.247802734375,825.2574081420898,844.5823822021484,828.1471176147461,830.6756210327148,828.6889495849609,821.645263671875,821.8258666992188,816.9494743347168,816.9494743347168,72.66379928588867,71.5783462524414,71.5783462524414,71.5783462524414,71.3974380493164,76.64379501342773,75.73925018310547,81.34741973876953,83.33741760253906,83.88014221191406,89.30740356445312,92.20195007324219,92.02103424072266,102.33283996582031,102.15193176269531,113.91099548339844,113.91099548339844
831.746452331543,832.645133972168,830.1288299560547,833.7235412597656,828.5112152099609,835.88037109375,827.2530670166016,841.9913711547852,825.8151817321777,846.8442306518555,828.3314819335938,830.1288299560547,829.050422668457,821.5015335083008,821.8610038757324,816.8284111022949,816.8284111022949,72.19630813598633,70.93827438354492,71.11799240112305,71.11799240112305,70.93827438354492,76.68926620483398,76.32983016967773,82.26054382324219,83.33885192871094,93.22337341308594,89.44927978515625,92.14505767822266,92.14505767822266,102.20929718017578,101.67013549804688,114.07070922851562,113.89099884033203
830.9036483764648,832.179801940918,829.8098068237305,833.8205642700195,827.6221313476562,836.190544128418,826.7105941772461,844.57666015625,825.2521362304688,846.7643356323242,826.5282821655273,836.3728561401367,829.6275024414062,846.5820388793945,821.05908203125,851.8689346313477,816.6837158203125,71.0541763305664,69.96031951904297,69.96031951904297,69.96031951904297,69.77801132202148,76.1588249206543,75.61190414428711,84.180419921875,83.08656311035156,93.2958755493164,89.4673843383789,91.29047393798828,90.74354553222656,98.94745635986328,101.86439514160156,113.89678955078125,113.34986877441406
830.7175140380859,831.8251342773438,829.4253005981445,834.2249603271484,827.7638778686523,836.8093948364258,827.0254669189453,844.0088882446289,825.3640518188477,846.22412109375,827.3946762084961,837.3632049560547,829.9791107177734,846.22412109375,821.4873962402344,850.6545791625977,816.6877326965332,70.88401412963867,69.59076309204102,69.40600967407227,70.14501571655273,69.59076309204102,76.42654800415039,75.68754196166992,83.81658935546875,82.70808410644531,92.68463897705078,89.7286148071289,90.83712768554688,90.65237426757812,99.15092468261719,101.18318939208984,111.34449005126953,113.37675476074219
830.4082946777344,831.6998062133789,829.3012847900391,834.2828369140625,827.6407699584961,836.8658676147461,826.1647567749023,842.4009246826172,825.2422409057617,845.9064636230469,827.6407699584961,837.603874206543,830.5927963256836,846.4599685668945,821.3676986694336,851.441520690918,816.9396514892578,70.46474838256836,69.16908645629883,69.16908645629883,69.72436904907227,69.16908645629883,76.20267486572266,75.46229934692383,83.23626708984375,82.86608123779297,92.30589294433594,89.89967346191406,90.82513427734375,89.89967346191406,99.52458190917969,101.19042205810547,112.48118591308594,113.03646850585938
829.855094909668,831.3434829711914,828.7388076782227,833.9481735229492,827.2504119873047,837.1110000610352,826.506217956543,843.436653137207,825.5759735107422,845.6692352294922,827.4364624023438,838.9714813232422,831.3434829711914,846.4134368896484,820.7387084960938,852.7390975952148,817.0177345275879,69.1713638305664,67.31085968017578,67.31085968017578,68.2411117553711,68.2411117553711,75.6831169128418,75.8691635131836,83.86931610107422,83.31116485595703,90.93921661376953,89.82291412353516,90.00896453857422,89.82291412353516,100.98591613769531,101.73011779785156,115.49781799316406,112.89311218261719
830.0318222045898,831.7062072753906,829.1016082763672,834.1247634887695,827.4272232055664,836.729362487793,826.3109664916992,841.9385604858398,825.0086669921875,841.0083465576172,827.0551376342773,841.7525253295898,831.7062072753906,846.0315017700195,820.3575973510742,853.1011352539062,816.8227767944336,68.26751708984375,66.59414291381836,66.59414291381836,67.52379989624023,67.52379989624023,74.58916854858398,75.14696502685547,82.95606231689453,82.77012634277344,88.71991729736328,88.90584564208984,89.2777099609375,90.20735931396484,101.36322021484375,102.10693359375,116.98140716552734,113.63465118408203
830.4467010498047,831.7488708496094,829.3305587768555,834.3532180786133,827.8423614501953,837.1435775756836,825.9821166992188,842.7243194580078,824.6799468994141,841.4221496582031,826.3541641235352,837.3296051025391,830.8187561035156,845.8867263793945,820.0293350219727,853.3277130126953,816.8669204711914,68.2283935546875,66.7375717163086,66.7375717163086,67.29662704467773,67.29662704467773,75.1234359741211,75.1234359741211,84.4410629272461,82.39118194580078,89.658935546875,88.91352844238281,90.5906982421875,90.40434265136719,101.77184295654297,102.33090209960938,117.42545318603516,113.69840240478516
829.9794998168945,831.4667434692383,828.8640670776367,834.2553329467773,827.9345397949219,837.4157257080078,825.5177688598633,842.8069915771484,824.5882415771484,841.8774642944336,826.0754852294922,836.6721038818359,828.8640670776367,845.9673843383789,819.7546920776367,853.0317916870117,816.9661102294922,67.48432159423828,65.8091812133789,65.8091812133789,66.5536880493164,66.73981857299805,74.55715560913086,74.74327850341797,84.04963684082031,82.00224304199219,88.88894653320312,88.70281982421875,91.12246704101562,90.93634033203125,101.35946655273438,102.4762191772461,117.1802749633789,113.45771789550781
830.3287200927734,831.6280517578125,829.5862426757812,834.2267303466797,828.2869033813477,836.6397857666016,826.2450942993164,842.3939819335938,824.3889007568359,842.7652206420898,826.2450942993164,836.6397857666016,829.9574813842773,846.1063690185547,819.5627937316895,853.3455352783203,817.1497383117676,67.57497787475586,66.08388900756836,66.08388900756836,66.82943344116211,66.45665740966797,74.28486633300781,74.28486633300781,84.53608703613281,81.92668151855469,89.00934600830078,87.70464324951172,91.0595932006836,90.50042724609375,102.61550903320312,102.61550903320312,117.3399887084961,113.239501953125
830.6433715820312,831.7602310180664,829.7126617431641,834.1800842285156,828.223518371582,836.5999450683594,825.4313812255859,841.2535171508789,823.7560882568359,838.6475143432617,825.4313812255859,841.2535171508789,828.7819442749023,846.2793655395508,819.6609535217285,853.1666488647461,816.8688125610352,66.87440872192383,65.5722885131836,65.38626861572266,65.94432067871094,65.75830078125,73.94306564331055,73.57102966308594,83.24393463134766,81.56977844238281,92.91682434082031,87.89436340332031,90.12657165527344,90.49860382080078,102.40371704101562,102.03167724609375,117.47111511230469,113.19271850585938
830.472038269043,831.7748107910156,829.3553771972656,834.1942367553711,828.2387161254883,836.6136703491211,825.633171081543,840.3358688354492,824.1442947387695,831.7748107910156,826.1915054321289,840.3358688354492,829.913703918457,845.7330551147461,820.4220962524414,852.9913482666016,816.6998901367188,66.34256362915039,65.03999710083008,64.6678352355957,65.41215515136719,65.22608184814453,73.59971237182617,73.22754669189453,82.5315933227539,82.5315933227539,100.5814208984375,91.09130859375,89.97481536865234,90.16089630126953,102.44222259521484,101.51182556152344,116.9565200805664,113.42098999023438
830.5851821899414,831.8876113891602,829.2827453613281,834.1203460693359,827.9803085327148,836.725212097168,825.3754501342773,840.4464492797852,823.8869552612305,843.609504699707,825.5615081787109,837.2834014892578,828.7245635986328,845.4701156616211,820.537841796875,852.9125900268555,816.4444808959961,66.21633529663086,64.54281616210938,64.35687255859375,65.47254943847656,65.28660202026367,73.28230285644531,73.46825408935547,81.27800750732422,82.57963562011719,88.34397888183594,89.45966339111328,90.57533264160156,90.76128387451172,102.1040267944336,101.36023712158203,116.2359619140625,113.63270568847656
829.3630065917969,830.851676940918,828.4325866699219,833.8290176391602,827.5021667480469,836.6202774047852,825.4552383422852,840.3419570922852,824.1526489257812,842.947135925293,826.3856582641602,839.5976181030273,829.921257019043,845.3662261962891,819.8727188110352,852.9956665039062,816.5232086181641,65.48259735107422,63.62273025512695,63.62273025512695,64.73865127563477,64.73865127563477,72.92206573486328,73.29403686523438,80.54752349853516,82.77936553955078,88.54495239257812,90.96277618408203,90.03284454345703,90.21883392333984,102.30796813964844,101.93599700927734,116.62895965576172,113.46717834472656
829.6495513916016,830.7789459228516,828.7083969116211,833.7906646728516,827.9554595947266,835.8612213134766,825.3202056884766,836.9906158447266,823.8143539428711,834.9200592041016,826.4496078491211,840.1905670166016,830.0260162353516,845.0846099853516,821.1791000366211,852.237434387207,816.6615219116211,64.39430236816406,63.07442855834961,63.07442855834961,64.20575332641602,63.828643798828125,71.93644714355469,71.93644714355469,86.2665023803711,81.3641128540039,92.11166381835938,90.60323333740234,88.5291519165039,89.28336334228516,101.53933715820312,100.2194595336914,115.8694076538086,113.04109191894531
830.3473281860352,831.8545303344727,829.7821197509766,834.3037414550781,828.2749099731445,835.9993515014648,824.8836975097656,840.3325653076172,823.5648880004883,832.7965316772461,826.3909072875977,839.9557723999023,830.3473281860352,845.2309875488281,820.9272766113281,852.9554290771484,816.7824592590332,63.9302864074707,62.79826736450195,62.79826736450195,63.9302864074707,63.17560577392578,71.6657485961914,72.0430908203125,82.60859680175781,81.47657775878906,93.17411041259766,91.09873962402344,88.64603424072266,89.40071868896484,102.04159545898438,100.5322265625,117.70118713378906,112.98444366455078
829.9581832885742,831.4876174926758,829.0022888183594,833.9729385375977,827.4728622436523,836.6494369506836,824.6051788330078,840.8553771972656,823.4581146240234,834.7376480102539,826.3257904052734,839.5171203613281,829.0022888183594,844.2965927124023,821.3551483154297,852.5172729492188,816.3845024108887,63.3438720703125,62.19878005981445,62.007930755615234,63.15302276611328,62.580482482910156,71.74118041992188,70.97778701782227,83.38290405273438,82.2378158569336,92.92530822753906,91.20767211914062,88.3449478149414,89.2991943359375,101.32261657714844,99.2232894897461,116.5904541015625,112.9643325805664
829.5687103271484,831.0847625732422,828.6211776733398,833.7378387451172,827.1051330566406,836.3909225463867,824.2625427246094,840.7495574951172,823.3150100708008,834.6853637695312,825.9680938720703,838.8544998168945,828.6211776733398,844.1606674194336,821.6094589233398,852.3094177246094,816.8718109130859,63.03888702392578,61.71117401123047,61.14215087890625,62.84921646118164,62.09051513671875,71.57420349121094,71.57420349121094,83.14429473876953,81.24755859375,92.2486343383789,90.54157257080078,88.26548767089844,88.64482879638672,101.54264068603516,99.0768814086914,118.23393249511719,112.54371643066406
829.5756988525391,831.2580718994141,828.6410369873047,834.4358978271484,827.5194625854492,836.8659896850586,824.1547088623047,840.9784545898438,823.4069900512695,834.0620269775391,826.2109451293945,839.2960815429688,829.2018356323242,844.3432006835938,820.9768905639648,852.5681533813477,816.8644180297852,62.884010314941406,61.571266174316406,61.383731842041016,62.884010314941406,61.7588005065918,71.51062774658203,71.51062774658203,83.7004165649414,81.63752746582031,92.51457214355469,91.01428985595703,88.76386260986328,88.9513931274414,101.89132690429688,99.64089965820312,119.5196304321289,112.95589447021484
829.9357604980469,831.611083984375,829.0050201416016,834.5894317626953,827.7019958496094,837.1954879760742,824.5374984741211,840.9184265136719,823.6067581176758,833.6586990356445,826.3989639282227,839.6154022216797,829.3773193359375,844.8275146484375,821.0007019042969,851.714958190918,816.5331764221191,62.67824172973633,61.376312255859375,61.376312255859375,62.67824172973633,62.30625915527344,71.2337417602539,71.41973114013672,84.62496948242188,82.39310455322266,93.36646270751953,91.69255828857422,89.460693359375,89.8326644897461,102.47993469238281,100.62004089355469,119.21897888183594,113.08132934570312
830.937126159668,832.6012573242188,829.8277130126953,835.1899032592773,828.1635818481445,837.4087448120117,824.6504211425781,841.1068115234375,823.3560943603516,834.6352005004883,826.3145523071289,840.1822967529297,829.8277130126953,844.8048782348633,820.767448425293,851.4613876342773,816.5146751403809,63.008880615234375,61.90041732788086,61.71567153930664,62.824134826660156,61.90041732788086,71.13761901855469,70.58338928222656,82.22225952148438,82.03752136230469,92.75267028808594,90.90522766113281,90.35099792480469,90.35099792480469,103.09833526611328,102.17461395263672,118.986328125,113.07451629638672
831.2093048095703,832.8834686279297,830.4652252197266,835.6737442016602,829.1631011962891,837.3479080200195,825.2567138671875,841.0682830810547,824.1406097412109,834.74365234375,826.5588455200195,840.13818359375,830.0931930541992,844.9746627807617,822.2804183959961,851.2992858886719,816.6998710632324,62.84693908691406,61.54450225830078,61.358436584472656,62.6608772277832,61.730560302734375,71.40583801269531,71.21977996826172,83.31387329101562,82.19749450683594,92.80309295654297,91.50064849853516,89.26789093017578,90.19820404052734,103.22261810302734,101.36198425292969,118.85192108154297,113.08396911621094
831.6693878173828,833.3400192260742,830.7412643432617,836.4956512451172,829.6275100708008,839.0943984985352,826.4718780517578,841.1362838745117,825.729377746582,835.0106430053711,826.4718780517578,840.0225296020508,829.9987640380859,845.0344161987305,823.1306304931641,851.160041809082,816.6337432861328,62.96988296508789,61.66912078857422,61.48329544067383,62.598236083984375,61.85494613647461,71.51775360107422,71.3319320678711,83.59626770019531,83.0387954711914,92.51577758789062,91.95830535888672,89.91425323486328,90.28590393066406,102.55023956298828,102.1785888671875,118.34520721435547,113.14215850830078
832.4196243286133,834.1178436279297,831.4761734008789,837.3255767822266,830.3440322875977,839.7785491943359,826.9476013183594,841.6654586791992,825.4380798339844,836.7594985961914,826.9476013183594,840.1559295654297,829.5892715454102,845.8166427612305,823.5511703491211,851.0999755859375,816.5696296691895,61.850372314453125,59.9619255065918,59.77307891845703,61.094993591308594,60.90614700317383,70.1595230102539,70.1595230102539,83.18978881835938,82.05672454833984,91.12126159667969,90.93241882324219,89.79934692382812,89.79934692382812,103.39614868164062,101.50770568847656,118.12602233886719,113.40491485595703
833.5274505615234,835.2331466674805,832.200798034668,837.5074081420898,830.6846237182617,840.5397491455078,827.4627532958984,841.4873580932617,825.1884918212891,836.7493209838867,827.0837097167969,840.5397491455078,829.7370147705078,846.4149322509766,822.9142379760742,851.1529769897461,817.6076202392578,60.94282531738281,59.42372512817383,59.23383712768555,59.993385314941406,59.61361312866211,68.34845733642578,68.72823333740234,78.41252136230469,79.93162536621094,88.85636138916016,88.66646575927734,89.99568176269531,89.99568176269531,103.47772216796875,102.14851379394531,117.71932983398438,111.26313018798828
833.1066741943359,834.8147277832031,832.1577606201172,837.661491394043,830.6394882202148,840.6980209350586,827.6029434204102,842.78564453125,825.3255462646484,834.6249465942383,827.6029434204102,840.1286697387695,829.1212158203125,844.8732681274414,822.8583602905273,851.7054824829102,816.5954933166504,58.98982238769531,57.28092956542969,57.0910530090332,58.23031234741211,58.040435791015625,67.15452575683594,67.15452575683594,75.3192367553711,78.92688751220703,89.74987030029297,87.85110473632812,89.18023681640625,88.61061096191406,101.52223205566406,99.81334686279297,118.0415267944336,110.44644927978516
833.1803512573242,835.0751495361328,832.0434722900391,837.7278671264648,830.7171173095703,840.9490203857422,827.3064804077148,840.7595443725586,825.9801177978516,834.3172302246094,826.9275131225586,840.0016250610352,828.8223114013672,844.5491409301758,822.1905212402344,848.7176971435547,816.8850860595703,58.23322296142578,56.33515930175781,56.145355224609375,57.094383239746094,57.094383239746094,66.20508575439453,66.20508575439453,80.82017517089844,78.16287994384766,88.98184204101562,87.46339416503906,88.60223388671875,87.6531982421875,101.69886016845703,99.04157257080078,113.08724975585938,109.2911148071289
832.9314041137695,835.0205535888672,831.9817810058594,837.6794738769531,830.6523208618164,840.7182464599609,827.4236297607422,839.3887786865234,825.9042510986328,833.3112411499023,826.2840881347656,839.198860168457,828.1833267211914,844.5167007446289,821.536018371582,848.3151702880859,816.028247833252,57.29909133911133,55.58940887451172,55.39944839477539,56.349266052246094,56.159305572509766,65.46755981445312,65.27759552001953,80.09481048583984,76.86542510986328,88.4532470703125,86.36363983154297,87.50343322753906,87.31346893310547,101.3708267211914,98.90129852294922,112.00883483886719,109.34933471679688
832.9959335327148,834.5106582641602,832.0492401123047,837.1614227294922,829.9664916992188,840.7588882446289,826.3690185546875,841.8949279785156,824.4756164550781,833.1852722167969,825.6116638183594,838.8654861450195,827.1263885498047,843.9776763916016,819.7421112060547,849.4685363769531,814.2512435913086,57.51997756958008,56.192405700683594,56.192405700683594,56.571712493896484,56.382057189941406,65.48538970947266,65.29573822021484,75.91629791259766,75.91629791259766,87.67476654052734,86.34719848632812,87.86441802978516,87.485107421875,101.51942443847656,100.38150024414062,113.27789306640625,112.13997650146484
832.4410400390625,833.9763793945312,831.0976181030273,837.0470733642578,829.5622711181641,840.501594543457,826.1077499389648,840.8854293823242,824.1885757446289,832.2491226196289,824.5724029541016,838.0066604614258,827.0673370361328,843.1884460449219,818.8148727416992,850.6732406616211,812.4815788269043,58.87664031982422,57.33924865722656,57.33924865722656,57.723594665527344,57.723594665527344,66.37140655517578,66.94792938232422,77.13313293457031,77.51748657226562,88.6635513305664,87.70268249511719,88.47138214111328,87.89485931396484,102.3078842163086,101.92353820800781,115.95220947265625,114.22264862060547
831.7940063476562,833.1290130615234,830.4590072631836,836.1804275512695,828.551872253418,839.61328125,825.1190185546875,840.1854248046875,822.830451965332,831.4125823974609,823.7840270996094,837.5154266357422,826.0725936889648,842.6647109985352,818.4440307617188,848.1954116821289,811.5783233642578,60.13705062866211,58.801361083984375,58.61054611206055,59.37379455566406,59.37379455566406,67.38795471191406,67.38795471191406,77.50106048583984,78.64593505859375,89.90392303466797,88.94985961914062,88.94985961914062,88.94985961914062,102.87921905517578,102.11597442626953,113.56478118896484,115.6637191772461
831.1699829101562,832.8877410888672,830.2156677246094,835.3689498901367,828.3070449829102,837.8501663208008,824.2989273071289,839.3770599365234,822.3903045654297,831.1699829101562,822.7720336914062,837.4684371948242,826.0166931152344,843.3851776123047,817.8096084594727,,,62.25673294067383,60.917808532714844,60.726531982421875,61.300357818603516,60.917808532714844,69.90773010253906,69.7164535522461,80.42784881591797,80.8104019165039,91.33052062988281,89.8003158569336,90.94796752929688,90.94796752929688,105.48487091064453,104.33720397949219,,
831.3680419921875,833.1319732666016,829.99609375,835.0918884277344,835.0918884277344,836.8558197021484,822.9403915405273,838.2277603149414,821.3724517822266,832.5439910888672,822.5484085083008,824.5083236694336,837.0518112182617,842.5395812988281,842.5395812988281,812.5528144836426,851.3592224121094,64.64506912231445,63.27145004272461,63.075218200683594,63.86014175415039,63.27145004272461,70.92448806762695,70.53202819824219,83.28710174560547,82.50216674804688,92.51000213623047,92.51000213623047,93.68739318847656,93.88362121582031,106.63870239257812,106.63870239257812,114.09551239013672,121.74855041503906
830.4912185668945,832.0592346191406,829.1192092895508,834.6072616577148,827.3551864624023,837.1552963256836,824.0231475830078,837.3513031005859,821.2791137695312,830.0992126464844,821.2791137695312,836.1752853393555,824.415153503418,843.4273681640625,816.3790664672852,851.6594543457031,808.14697265625,67.89141082763672,66.3228759765625,66.3228759765625,66.91107940673828,66.71500778198242,74.55768966674805,73.57735824584961,86.12564086914062,84.753173828125,95.3407974243164,94.94866180419922,96.51719665527344,96.12506103515625,110.43795776367188,109.4576187133789,122.98624420166016,119.45703887939453
830.8610610961914,832.6263122558594,829.4880905151367,834.5876998901367,827.5267028808594,836.5490875244141,822.6232376098633,836.9413604736328,820.465705871582,832.6263122558594,821.446403503418,835.5683898925781,823.996208190918,842.8255310058594,815.7583770751953,850.8672180175781,806.5398559570312,69.72077941894531,68.15436553955078,67.76276016235352,68.74177169799805,67.95856475830078,76.18224334716797,75.59483337402344,86.36393737792969,85.97233581542969,95.76242065429688,94.58761596679688,96.7414321899414,96.9372329711914,109.27274322509766,110.64336395263672,121.41246032714844,122.19567108154297
831.0789337158203,832.4398498535156,829.7180099487305,834.1896133422852,827.5794219970703,836.1337814331055,822.5245666503906,837.1058731079102,820.3859786987305,835.1616973876953,820.5803909301758,835.3561172485352,824.8575744628906,843.1328125,816.6920471191406,852.2704391479492,811.4427719116211,69.35098648071289,67.79342651367188,67.5987319946289,68.57220840454102,67.79342651367188,75.19184112548828,75.97062301635742,84.73190307617188,87.06824493408203,92.71440887451172,96.80300903320312,96.99769592285156,97.19239044189453,110.6263656616211,110.23696899414062,123.86563873291016,116.66190338134766
831.1354751586914,832.5057678222656,829.5694351196289,835.0505981445312,827.6118698120117,837.2039108276367,823.3052368164062,836.8124008178711,819.9773864746094,834.8548355102539,820.368896484375,833.8760528564453,823.5009918212891,843.272346496582,817.8240737915039,848.5577545166016,808.2320289611816,69.60569381713867,68.2327880859375,68.2327880859375,68.62504577636719,68.2327880859375,76.66635131835938,76.07796478271484,86.86507415771484,87.06120300292969,94.71025085449219,97.06379699707031,96.86766815185547,97.06379699707031,109.02767944335938,111.38124084472656,120.01091766357422,121.38382720947266
832.407600402832,833.9630966186523,831.2409820556641,835.907470703125,829.2966003417969,837.6574096679688,825.0189895629883,838.24072265625,821.3246765136719,837.4629745483398,828.5188598632812,833.9630966186523,824.0467987060547,844.2682723999023,817.8248062133789,850.1013946533203,806.9363212585449,69.50808715820312,67.94686126708984,67.94686126708984,68.14201354980469,67.94686126708984,74.9723892211914,75.36270141601562,84.14460754394531,85.7058334350586,92.92652130126953,81.80276489257812,95.26836395263672,95.6586685180664,106.78242492675781,112.05157470703125,124.1511001586914,122.00440979003906
832.9420471191406,834.2756118774414,831.4179763793945,836.3712005615234,829.1318817138672,838.2762832641602,826.0837478637695,838.2762832641602,825.3217086791992,838.8478088378906,831.4179763793945,835.799674987793,824.3691711425781,845.3250961303711,818.6539154052734,807.7949333190918,,69.52729415893555,67.61629486083984,67.61629486083984,67.61629486083984,67.61629486083984,74.68698120117188,75.83358001708984,84.62416076660156,85.770751953125,93.98802947998047,94.17913818359375,95.51683044433594,99.33882141113281,106.40950012207031,116.15558624267578,122.07966613769531,
835.127571105957,837.0244750976562,833.9894332885742,838.9213714599609,830.7647018432617,837.9729309082031,828.8677978515625,838.731689453125,826.9708938598633,847.2677459716797,832.4719085693359,834.3688125610352,826.9708938598633,847.0780563354492,847.0780563354492,,808.9503288269043,70.07539749145508,67.79733276367188,67.79733276367188,67.98717498779297,67.98717498779297,75.390869140625,76.71974182128906,86.21165466308594,90.38809967041016,89.24906921386719,96.65276336669922,95.32389831542969,97.98163604736328,106.71420288085938,106.71420288085938,,123.04029083251953
837.8592987060547,837.8592987060547,835.5092697143555,838.6426315307617,836.8801193237305,836.6842803955078,830.0258636474609,839.4259796142578,838.2509689331055,848.4344253540039,849.2177734375,835.7051010131836,827.6758346557617,848.2385864257812,823.3674468994141,845.3010559082031,807.1130867004395,67.57986831665039,65.81442260742188,65.22594451904297,66.79522323608398,66.20674514770508,72.87619018554688,75.03395080566406,83.07652282714844,83.07652282714844,86.41124725341797,86.60740661621094,96.02310180664062,98.37702178955078,107.59654998779297,117.796875,125.64329528808594,122.89704895019531
840.125358581543,838.3841018676758,838.9645156860352,832.1929779052734,838.1906280517578,837.4167404174805,832.7733917236328,,830.8386688232422,846.5099639892578,834.5146484375,836.6428451538086,829.6778259277344,848.6381607055664,826.0018463134766,845.155647277832,809.9436111450195,65.99425506591797,65.22038650512695,64.83345413208008,65.02692413330078,65.22038650512695,72.37863540649414,72.95903396606445,,86.11473846435547,85.14739990234375,71.21784210205078,96.36843872070312,98.88349914550781,108.36334228515625,117.84317779541016,125.38835906982422,123.06676483154297
839.5651779174805,838.6215133666992,837.8665771484375,839.5651779174805,833.1482620239258,837.8665771484375,831.6383972167969,,828.6186752319336,,837.8665771484375,836.5454483032227,830.1285400390625,848.8130798339844,827.1088180541992,845.2271499633789,809.5566711425781,65.31311798095703,64.74672317504883,63.99153137207031,65.12432098388672,64.74672317504883,71.92107009887695,72.67626190185547,,87.21373748779297,,96.4648666381836,96.27606201171875,98.16404724121094,108.35916137695312,118.55428314208984,125.5398178100586,124.02943420410156
840.3452835083008,838.830810546875,839.3987350463867,832.0156555175781,837.8842544555664,829.9332504272461,835.0446090698242,,833.5301361083984,,837.1270141601562,837.1270141601562,830.8797912597656,848.2963027954102,828.4187698364258,844.8887176513672,812.8953590393066,65.19552993774414,63.86565017700195,63.86565017700195,63.86565017700195,64.43559646606445,70.70505142211914,71.8449478149414,,85.14379119873047,,97.49271392822266,96.3528060913086,98.63261413574219,109.27169036865234,117.63095092773438,125.61026000976562,123.1404800415039
837.5297317504883,838.6293029785156,835.5138626098633,832.5816802978516,838.6293029785156,838.0795211791992,835.3305969238281,,833.8645095825195,840.0953903198242,838.6293029785156,838.4460372924805,830.7490692138672,847.792366027832,829.6494979858398,845.0434494018555,814.0722846984863,66.3078384399414,64.84044647216797,64.84044647216797,64.10674667358398,64.65702056884766,71.62713623046875,72.54425811767578,,84.83367919921875,95.10542297363281,97.3065185546875,95.65570068359375,98.40705871582031,108.86224365234375,116.93289947509766,125.73725128173828,124.26985931396484
840.7484130859375,839.8562088012695,839.6777648925781,831.8264007568359,837.7149276733398,828.7929229736328,836.1089630126953,,839.4993286132812,,840.0346527099609,828.0791625976562,836.2874069213867,846.6369323730469,829.8635635375977,844.3172149658203,815.409912109375,64.39981079101562,63.14881896972656,63.14881896972656,63.32753372192383,63.50624465942383,69.76119995117188,70.65476608276367,,81.0201187133789,,92.1003189086914,96.03199768066406,94.95972442626953,108.54190063476562,115.51171112060547,125.5196304321289,126.5919189453125
840.0071105957031,839.1352767944336,839.1352767944336,831.8118896484375,837.3916168212891,837.7403411865234,835.2992172241211,841.5764083862305,838.0890808105469,849.0741577148438,849.7716293334961,828.3245582580566,836.8685150146484,830.2425918579102,844.8893661499023,843.6688003540039,843.4944381713867,63.47831726074219,62.079647064208984,62.079647064208984,62.25448226928711,62.429317474365234,70.4717025756836,70.12203216552734,78.68891143798828,78.86375427246094,80.9617691040039,81.1365966796875,94.24918365478516,94.773681640625,111.55779266357422,107.88627624511719,125.19487762451172,125.36971282958984
838.2639389038086,837.9126815795898,837.5614242553711,830.8874778747559,836.156379699707,839.14208984375,828.2530288696289,843.5328369140625,838.6151962280273,848.9773635864258,850.3824005126953,837.5614242553711,835.1026000976562,835.9807510375977,843.5328369140625,826.4967308044434,843.8841018676758,65.46361541748047,63.7017707824707,64.05413818359375,62.82085037231445,63.349403381347656,69.5158576965332,70.7491455078125,76.21086120605469,81.1440200805664,80.26309204101562,81.67256927490234,92.41981506347656,94.35784149169922,109.1573257446289,108.98114013671875,123.7806167602539,126.42337799072266
835.186279296875,836.0545425415039,836.2281875610352,829.8031005859375,836.9227981567383,826.503734588623,839.1802597045898,825.1145248413086,845.0843887329102,,851.3358306884766,827.3719863891602,836.0545425415039,836.0545425415039,842.3059768676758,842.13232421875,842.13232421875,64.31031799316406,62.74565505981445,63.267208099365234,62.39794921875,62.39794921875,70.04741668701172,68.13505172729492,81.34777069091797,75.9583740234375,,82.73858642578125,91.77886199951172,92.12657165527344,109.68557739257812,109.16402435302734,125.15837860107422,125.15837860107422
834.4254684448242,835.4453353881836,837.4850769042969,830.006031036377,836.9751434326172,826.7764472961426,839.5248107910156,,843.4343185424805,,848.1937103271484,825.7565765380859,833.0656433105469,842.0744934082031,841.7345352172852,840.5446853637695,834.9354019165039,63.99521255493164,62.97673034667969,62.97673034667969,62.637229919433594,62.637229919433594,69.42715835571289,69.25741195678711,,75.02885437011719,,83.00701904296875,92.51290893554688,92.85240936279297,107.45075988769531,107.45075988769531,123.74658203125,126.29280090332031
834.6255111694336,835.7331466674805,833.0431747436523,830.1949768066406,830.5114440917969,827.1885414123535,828.137939453125,,842.3789520263672,,838.7395782470703,827.9797096252441,828.7708778381348,834.7837448120117,839.8472137451172,833.0431747436523,838.1066513061523,65.40402603149414,63.34021759033203,63.49897003173828,63.18146514892578,63.97523880004883,69.84915542602539,70.16666412353516,,73.34175872802734,,66.99157333374023,94.93238067626953,96.36116790771484,109.22028350830078,107.95024871826172,121.28563690185547,128.90584564208984
833.3626556396484,834.7649841308594,832.4277687072754,836.6347503662109,830.2463760375977,836.3231201171875,827.7533531188965,,830.7138137817383,836.9463729858398,837.2580032348633,834.6091613769531,828.844051361084,,838.9719543457031,833.6742820739746,,66.37593460083008,65.12578582763672,65.12578582763672,65.9071273803711,65.28205490112305,72.15787506103516,71.84533309936523,,76.53339385986328,95.28562927246094,77.78353881835938,94.97309112548828,96.3795166015625,,109.03726959228516,119.81979370117188,
835.2690505981445,836.4321365356445,833.7736663818359,837.7613754272461,830.6167297363281,837.4290618896484,828.2905731201172,,,,834.2721252441406,834.2721252441406,828.7890319824219,841.5829238891602,840.7521514892578,841.7490768432617,841.250617980957,68.3989028930664,67.06863403320312,67.06863403320312,68.3989028930664,68.3989028930664,75.54912567138672,75.38284301757812,,,,79.53994750976562,97.33235168457031,99.4940414428711,113.2956314086914,113.4619140625,131.42060089111328,133.24972534179688
,,,,,,,,,,,,,,,,,,,,,,,,,,,,,,,,,
,,,,,,,,,,,,,,,,,,,,,,,,,,,,,,,,,
832.0289611816406,833.3562469482422,830.535774230957,834.1857986450195,827.7153015136719,833.5221557617188,822.7379989624023,,829.5403137207031,,835.1812591552734,830.7016830444336,824.2311897277832,837.6699066162109,837.0062713623047,838.9971923828125,,67.7208251953125,65.89167022705078,65.72538375854492,67.05567932128906,66.22424697875977,74.03971099853516,75.86886596679688,,83.01919555664062,,77.86430358886719,97.65241241455078,100.14671325683594,111.78677368164062,111.95305633544922,130.90973663330078,
829.5739364624023,830.8785552978516,828.2693252563477,832.1831741333008,825.3339309692383,830.3893280029297,821.0939292907715,,825.8231658935547,,830.8785552978516,828.7585525512695,820.9308547973633,834.7924118041992,,,,66.43974685668945,65.29484939575195,65.13129425048828,65.7855224609375,65.7855224609375,73.30913543701172,73.30913543701172,,75.43537902832031,,69.87444305419922,98.00621795654297,100.13245391845703,107.49250030517578,,,
826.8910751342773,828.0212249755859,825.7609176635742,829.7971801757812,823.5006103515625,831.7345886230469,822.0475540161133,829.1513748168945,,828.0212249755859,,,,,,,,66.70936584472656,65.24990844726562,65.24990844726562,66.06071853637695,66.22288131713867,72.7093505859375,72.38502502441406,85.52011108398438,,71.08773040771484,,,,,,,
823.9243698120117,825.0150299072266,823.1453170776367,827.0405578613281,821.1197929382324,828.2870407104492,817.6919784545898,,,824.2359848022461,,823.7685546875,821.5872230529785,826.5731353759766,,,,68.40800094604492,67.15901947021484,67.15901947021484,68.25187683105469,68.09575271606445,75.12126541137695,74.96514892578125,,,73.09167861938477,,93.85597229003906,94.01209259033203,108.06311798095703,,,
821.2556686401367,822.8493041992188,820.2994842529297,818.0683822631836,823.3274002075195,825.8772277832031,824.2835845947266,828.4270477294922,,822.8493041992188,823.8054885864258,824.2835845947266,819.0245704650879,826.8334045410156,819.1839332580566,830.4987869262695,818.7058372497559,71.37162017822266,70.2520980834961,70.09216690063477,69.45243453979492,70.2520980834961,76.48946380615234,76.64939498901367,83.3665542602539,,76.64939498901367,91.52310943603516,98.56013488769531,99.51972961425781,115.51296997070312,115.67290496826172,131.98601531982422,133.2654800415039
818.2793045043945,819.4325256347656,817.2908325195312,814.8196449279785,821.4094848632812,810.7009925842285,811.1952323913574,807.5708236694336,807.7355651855469,807.7355651855469,807.7355651855469,812.3484535217285,819.9267654418945,814.4901504516602,822.0684661865234,812.0189628601074,827.5050811767578,72.22496032714844,71.07102584838867,70.24678421020508,70.08193588256836,70.24678421020508,78.15949249267578,78.32433319091797,88.05036926269531,87.55582427978516,96.12791442871094,96.29276275634766,96.29276275634766,96.4576187133789,110.9642333984375,112.11817169189453,123.65753173828125,125.80055236816406
813.4304885864258,814.8303375244141,817.9799880981445,810.4558181762695,817.2800674438477,806.0813064575195,819.7297973632812,802.9316558837891,824.279296875,804.1565208435059,826.7290191650391,808.0060958862305,818.1549682617188,807.4811515808105,822.3545074462891,801.7067947387695,827.2539596557617,72.8642578125,71.46474075317383,70.59004592895508,70.59004592895508,70.76498413085938,80.03677368164062,80.21170806884766,90.70807647705078,89.4834976196289,99.6299819946289,94.20687103271484,101.72925567626953,101.72925567626953,117.47380065917969,116.07428741455078,132.51859283447266,127.27041625976562
814.9307098388672,811.3620529174805,814.2169799804688,806.5443649291992,813.3248138427734,802.7972755432129,816.1797332763672,799.7639198303223,821.7111587524414,800.6560821533203,823.3170547485352,804.4031753540039,813.5032424926758,802.7972755432129,821.7111587524414,795.4815330505371,830.8112335205078,71.190673828125,70.833740234375,69.5844841003418,70.65527725219727,70.65527725219727,79.93545532226562,80.11392211914062,89.75102996826172,89.39409637451172,99.20967102050781,92.4280014038086,101.52971649169922,101.35124969482422,116.3423080444336,116.16384887695312,132.22569274902344,132.0472183227539
805.4030151367188,806.7030334472656,804.288703918457,802.2458114624023,809.3030853271484,799.2743301391602,811.717414855957,795.7456932067871,817.4746551513672,797.6028709411621,821.003288269043,800.0171966552734,810.0459518432617,798.5314636230469,818.0318145751953,792.7742118835449,825.0890808105469,70.91261291503906,69.61111068725586,69.61111068725586,69.23925018310547,69.4251823425293,77.23420715332031,77.4201431274414,88.01811218261719,85.41510772705078,97.31458282470703,93.03820037841797,100.103515625,100.103515625,116.09343719482422,113.67636108398438,131.52556610107422,125.38990783691406
801.9901123046875,803.4579238891602,800.7057723999023,798.5040588378906,805.2926864624023,792.4493408203125,806.760498046875,789.8806686401367,815.3838806152344,791.7154312133789,817.7690811157227,795.2014846801758,805.4761657714844,795.2014846801758,812.0813140869141,792.6328163146973,817.5856018066406,68.72039413452148,67.25237274169922,67.06886291503906,67.8028793334961,68.35338973999023,76.61101531982422,76.61101531982422,88.35519409179688,87.62118530273438,97.53033447265625,95.69530487060547,99.54887390136719,98.81485748291016,116.61463165283203,110.55904388427734,131.29486083984375,120.46819305419922
796.4476699829102,798.0448379516602,795.2054290771484,800.7067794799805,793.0758743286133,802.6588821411133,788.9942207336426,810.9996490478516,784.9125709533691,812.4193496704102,787.574520111084,801.0617141723633,791.8336296081543,806.0306777954102,793.2533378601074,811.3545684814453,792.5434837341309,66.48468399047852,65.24165725708008,65.06407928466797,66.66226196289062,66.3071060180664,75.00829315185547,75.36344146728516,85.48523712158203,84.59735870361328,94.00884246826172,94.3639907836914,95.78459930419922,96.4948959350586,108.21485900878906,113.5421142578125,118.86936950683594,131.29964447021484
791.7171096801758,793.427131652832,790.5200881958008,788.8100662231445,795.8211669921875,784.3640060424805,797.5311889648438,780.4309501647949,807.4493255615234,783.5089950561523,806.7653121948242,786.7580413818359,795.8211669921875,790.3490905761719,801.464241027832,791.0330963134766,805.3973007202148,65.49459838867188,64.12444686889648,63.95317840576172,64.63825607299805,64.98079299926758,72.51662063598633,73.03042602539062,80.9087905883789,83.64908599853516,92.8976058959961,92.72633361816406,95.12409210205078,95.46663665771484,112.0797119140625,108.82559204101562,127.15135955810547,122.69837188720703
